Skill,Explanation,Related Course,Credits,Semester
Problem-solving,Students will develop the ability to analyze and solve complex problems related to operating systems.,"OPERATING SYSTEMS, II",3,
Communication,Students will enhance their ability to effectively communicate their ideas and findings related to operating systems.,"OPERATING SYSTEMS, II",3,
Project management,"Students will develop the ability to plan, organize, and execute a substantial project in the field of operating systems.","OPERATING SYSTEMS, II",3,
Critical thinking,Students will enhance their ability to critically analyze and evaluate research papers and developments in operating system research.,"OPERATING SYSTEMS, II",3,
Research skills,"Students will develop the ability to conduct research, gather relevant information, and apply it to operating system design and development.","OPERATING SYSTEMS, II",3,
Applying conceptual knowledge to practical use,The desired outcome of the course is for students to be able to apply their conceptual knowledge to real-world scenarios.,CLOUD COMPUTING,3,
Design and implementation,The emphasis of the course is on practical design and implementation of large-scale systems.,CLOUD COMPUTING,3,
Running experiments,Students will develop the ability to run experiments using standard DL frameworks and open-source DL technologies.,CLOUD COMPUTING,3,
Analyzing system performance issues,Students will gain the ability to analyze and address system performance issues in the context of cloud computing.,CLOUD COMPUTING,3,
Organizing and presenting information,Students will enhance their ability to organize and present information through project presentations and assignments.,CLOUD COMPUTING,3,
Problem-solving,Students will develop the ability to apply their knowledge and skills to solve problems related to online privacy and anonymity.,ANONYMITY & PRIVACY,3,
Critical analysis,Students will enhance their ability to critically analyze and evaluate the implications and consequences of different approaches to anonymity and privacy.,ANONYMITY & PRIVACY,3,
Verbal communication,Students will improve their ability to communicate effectively and articulate their thoughts and ideas in class discussions and presentations.,ANONYMITY & PRIVACY,3,
Written communication,Students will develop the ability to communicate their research findings and analysis through well-written reports and papers.,ANONYMITY & PRIVACY,3,
Collaboration,"Students will enhance their ability to work collaboratively with peers on projects and discussions, fostering teamwork and cooperation.",ANONYMITY & PRIVACY,3,
Problem-solving,"Students will develop the ability to analyze and solve problems related to intrusion detection systems, such as identifying vulnerabilities and detecting potential threats.",INTRUSION DETECTION SYSTE,3,
Communication,Students will enhance their ability to effectively communicate their findings and ideas related to intrusion detection systems.,INTRUSION DETECTION SYSTE,3,
Network analysis,Students will develop the ability to analyze network traffic and behavior patterns to identify potential intrusions.,INTRUSION DETECTION SYSTE,3,
System behavior analysis,Students will acquire the ability to analyze system behavior and identify abnormal patterns that may indicate intrusions.,INTRUSION DETECTION SYSTE,3,
Evaluation of intrusion detection systems,Students will develop the ability to evaluate the effectiveness and efficiency of different intrusion detection systems and techniques.,INTRUSION DETECTION SYSTE,3,
Problem-solving,Students will develop the ability to analyze and solve complex problems related to intrusion detection and prevention.,INTRUSION DETECTION SYSTEMS,3,
Communication,"Students will enhance their ability to effectively communicate their findings, ideas, and recommendations related to intrusion detection systems.",INTRUSION DETECTION SYSTEMS,3,
Organization,Students will develop the ability to organize and manage projects related to designing and implementing intrusion detection systems.,INTRUSION DETECTION SYSTEMS,3,
Analytical thinking,Students will enhance their ability to analyze and evaluate data and information to make informed decisions in the field of intrusion detection.,INTRUSION DETECTION SYSTEMS,3,
Collaboration,Students will develop the ability to work collaboratively in teams to design and implement intrusion detection systems and share information for improved accuracy.,INTRUSION DETECTION SYSTEMS,3,
Problem-solving,"Students will develop the ability to analyze complex problems, identify potential solutions, and implement effective strategies to solve them.",ANALYSIS OF ALGORITHMS II,3,
Communication,"Students will enhance their ability to effectively communicate their ideas, findings, and solutions both verbally and in writing.",ANALYSIS OF ALGORITHMS II,3,
Analytical Thinking,"Students will develop the ability to analyze and evaluate algorithms, data structures, and computational problems critically.",ANALYSIS OF ALGORITHMS II,3,
Organization,"Students will acquire the ability to organize and manage their work effectively, including managing project timelines, resources, and priorities.",ANALYSIS OF ALGORITHMS II,3,
Collaboration,"Students will develop the ability to work effectively in teams, collaborate with others, and contribute to group projects and assignments.",ANALYSIS OF ALGORITHMS II,3,
Problem-solving,Students will develop the ability to solve complex problems related to 3D user interfaces and augmented reality systems.,VIRTUAL AND AUGMENTED REALITY,3,
Communication,Students will enhance their ability to effectively communicate their ideas and designs in the context of 3D user interfaces and augmented reality.,VIRTUAL AND AUGMENTED REALITY,3,
Collaboration,Students will develop the ability to work effectively in teams to complete challenging projects.,VIRTUAL AND AUGMENTED REALITY,3,
Analytical thinking,Students will develop the ability to analyze and evaluate different approaches and techniques in the design and implementation of 3D user interfaces and augmented reality systems.,VIRTUAL AND AUGMENTED REALITY,3,
Adaptability,Students will learn to adapt to new technologies and emerging trends in the field of 3D user interfaces and augmented reality.,VIRTUAL AND AUGMENTED REALITY,3,
Problem-solving,Students will develop the ability to analyze complex problems related to natural language processing and apply appropriate techniques and algorithms to solve them.,NATURAL LANG GEN SUMMARIZ,3,
Communication,"Students will enhance their ability to effectively communicate their ideas, findings, and insights both verbally and in writing.",NATURAL LANG GEN SUMMARIZ,3,
Organization,"Students will develop the ability to organize their work, manage their time effectively, and prioritize tasks to meet project deadlines.",NATURAL LANG GEN SUMMARIZ,3,
Critical thinking,"Students will cultivate the ability to think critically, evaluate different approaches, and make informed decisions in the context of natural language processing tasks.",NATURAL LANG GEN SUMMARIZ,3,
Research skills,"Students will acquire the ability to conduct research, gather relevant information, and evaluate the credibility and applicability of different sources.",NATURAL LANG GEN SUMMARIZ,3,
Problem-solving,Students will develop problem-solving abilities while working on blockchain development projects.,ENGR WEB3 BLOCKCHAIN APPS,3,
Communication,Students will enhance their communication skills through project presentations and discussions.,ENGR WEB3 BLOCKCHAIN APPS,3,
Organization,Students will develop the ability to organize and manage their work effectively in a blockchain development environment.,ENGR WEB3 BLOCKCHAIN APPS,3,
Analytical thinking,Students will develop the ability to analyze and evaluate different aspects of blockchain technologies and applications.,ENGR WEB3 BLOCKCHAIN APPS,3,
Collaboration,"Students will learn to collaborate with team members on blockchain projects, enhancing their ability to work in a team setting.",ENGR WEB3 BLOCKCHAIN APPS,3,
Problem-solving,Students will develop the ability to analyze and solve problems related to mobile computing and networking.,TOPICS IN MOBILE X,3,
Communication,Students will enhance their ability to effectively communicate ideas and findings related to mobile computing.,TOPICS IN MOBILE X,3,
Research skills,Students will gain the ability to carry out original research in the field of mobile computing through class projects.,TOPICS IN MOBILE X,3,
Programming,Students will develop the ability to write code and develop software for mobile devices.,TOPICS IN MOBILE X,3,
Design thinking,Students will learn to apply design thinking principles to create user-friendly and innovative mobile applications.,TOPICS IN MOBILE X,3,
Critical thinking,Students will enhance their ability to critically analyze and evaluate research papers on programming language design.,READINGS LANGUAGE DESIGN,3,
Research skills,Students will develop the ability to conduct independent research and explore topics related to language design.,READINGS LANGUAGE DESIGN,3,
Problem-solving,"Through programming projects and real-world applications, students will develop the ability to identify and solve problems using machine learning techniques.",HIGH PERF MACH LEARNING,3,
Communication,"Students will enhance their ability to communicate complex machine learning concepts and results effectively, both verbally and in writing.",HIGH PERF MACH LEARNING,3,
Data interpretation,"Students will develop the ability to interpret and analyze data, extracting meaningful insights and making informed decisions based on the results obtained from machine learning models.",HIGH PERF MACH LEARNING,3,
Technical skills,"Students will acquire technical skills in Python programming, data analysis, and machine learning algorithms, enabling them to implement and apply these techniques in various domains.",HIGH PERF MACH LEARNING,3,
Critical thinking,"Students will develop critical thinking skills, allowing them to evaluate the strengths and limitations of different machine learning approaches and make informed decisions in selecting and applying models.",HIGH PERF MACH LEARNING,3,
Problem-solving,Students will develop the ability to analyze and solve problems related to speech recognition.,FUND SPEECH RECOGNITION,3,
Communication,Students will enhance their ability to effectively communicate ideas and findings related to speech recognition.,FUND SPEECH RECOGNITION,3,
Organization,Students will develop the ability to organize and manage their work on speech recognition projects.,FUND SPEECH RECOGNITION,3,
Analytical thinking,Students will develop the ability to analyze and evaluate speech recognition algorithms and systems.,FUND SPEECH RECOGNITION,3,
Programming,Students will gain the ability to write and modify code for speech recognition applications.,FUND SPEECH RECOGNITION,3,
Problem-solving,Students will develop the ability to solve complex problems related to cloud computing and big data systems.,CLOUD COMPUTING & BIG DATA,3,
Communication,Students will enhance their ability to effectively communicate ideas and concepts related to cloud computing and big data.,CLOUD COMPUTING & BIG DATA,3,
Design and implementation,Students will gain the ability to design and implement cloud computing and big data systems.,CLOUD COMPUTING & BIG DATA,3,
Evaluation,Students will develop the ability to evaluate the performance and effectiveness of cloud computing and big data systems.,CLOUD COMPUTING & BIG DATA,3,
Resource management,Students will learn how to effectively manage resources in cloud computing and big data environments.,CLOUD COMPUTING & BIG DATA,3,
Problem-solving,Students will develop the ability to identify and solve complex problems related to climate science using machine learning techniques.,MACHINE LEARNING &CLIMATE,3,
Communication,Students will enhance their ability to effectively communicate their findings and ideas through the completion of a final technical paper and project presentations.,MACHINE LEARNING &CLIMATE,3,
Data visualization,Students will develop the ability to visually represent and communicate climate-related data using appropriate visualization techniques.,MACHINE LEARNING &CLIMATE,3,
Critical thinking,Students will enhance their ability to think critically and analyze climate-related problems from multiple perspectives.,MACHINE LEARNING &CLIMATE,3,
Adaptability,Students will develop the ability to adapt and apply machine learning techniques to different climate-related problems and datasets.,MACHINE LEARNING &CLIMATE,3,
Problem-solving,Students will develop problem-solving abilities as they work on programming assignments and a significant course project. This ability is selected because it involves the capacity to analyze and solve issues that may arise during web development.,ADV WEB DESIGN STUDIO,3,
Communication,"Students will enhance their communication skills through class discussions, reading research papers, and working on programming assignments and a significant course project. This ability is selected because effective communication is crucial in collaborating with team members and conveying ideas in web development projects.",ADV WEB DESIGN STUDIO,3,
Problem-solving,"Students will develop the ability to identify and solve problems related to network analysis and crowds, such as optimizing network structures or addressing information diffusion challenges.",ANALYSIS OF NETWORKS & CROWDS,3,
Critical thinking,Students will enhance their ability to think critically and analyze complex network phenomena and their implications.,ANALYSIS OF NETWORKS & CROWDS,3,
Communication,"Students will improve their ability to effectively communicate their findings and ideas related to network analysis and crowds, both verbally and in writing.",ANALYSIS OF NETWORKS & CROWDS,3,
Research skills,"Students will develop the ability to conduct independent research, including formulating research questions, designing experiments, and analyzing data.",ANALYSIS OF NETWORKS & CROWDS,3,
Collaboration,"Students will enhance their ability to collaborate with others in the field of network analysis and crowds, including working on group projects and exchanging ideas and feedback.",ANALYSIS OF NETWORKS & CROWDS,3,
Problem-solving,Students will develop the ability of problem-solving as they work on programming projects. This ability is selected because it is essential for analyzing and solving complex problems.,ALGORITHMS FOR MASSIVE DATA,3,
Communication,Students will enhance their communication skills. This ability is selected because effective communication is crucial for collaborating and presenting findings in the field of data analysis.,ALGORITHMS FOR MASSIVE DATA,3,
Organizational skills,Students will develop organizational skills as they work on assignments and projects. This ability is selected because it involves the capacity to organize and manage data and tasks effectively.,ALGORITHMS FOR MASSIVE DATA,3,
Analytical skills,Students will develop analytical skills through the application of algorithmic techniques to massive datasets. This ability is selected because it involves the capacity to analyze and interpret data.,ALGORITHMS FOR MASSIVE DATA,3,
Programming skills,Students will develop programming skills through the implementation of algorithms and projects. This ability is selected because it involves the capacity to write code to manipulate and analyze data.,ALGORITHMS FOR MASSIVE DATA,3,
Problem-solving,Students will develop the ability to solve complex problems related to the verification of system software.,FORMAL VERIFICATION SYSTEM SW,3,
Communication,"Students will enhance their ability to communicate effectively, both verbally and in writing, about their research findings and project progress.",FORMAL VERIFICATION SYSTEM SW,3,
Analytical thinking,Students will develop the ability to analyze issues and challenges related to the verification of system software.,FORMAL VERIFICATION SYSTEM SW,3,
Organizational skills,Students will learn how to effectively manage their time and resources to complete the research project within the given timeframe.,FORMAL VERIFICATION SYSTEM SW,3,
Critical thinking,Students will develop the ability to critically evaluate research papers and apply the concepts and techniques learned in the course to real-world scenarios.,FORMAL VERIFICATION SYSTEM SW,3,
Algorithm implementation,Students will develop the ability to implement algorithms using algebraic techniques.,ALGEBRAIC TECHNIQUES IN TCS,3,
Problem-solving,Students will enhance their ability to solve problems using algebraic techniques.,ALGEBRAIC TECHNIQUES IN TCS,3,
Mathematical proof writing,Students will improve their ability to write mathematical proofs.,ALGEBRAIC TECHNIQUES IN TCS,3,
Communication,"Students will develop their ability to communicate their ideas clearly and concisely, both verbally and in writing.",ALGEBRAIC TECHNIQUES IN TCS,3,
Analytical thinking,Students will develop the ability to analyze theoretical results and apply algebraic techniques to real-world problems.,ALGEBRAIC TECHNIQUES IN TCS,3,
Application of causal methods,Students will be able to apply causal methods to improve the trustworthiness of AI models.,CAUSAL TRUSTWORTHY AI,3,
Communication,Students will enhance their communication skills through discussions and presentations related to trustworthy AI systems.,CAUSAL TRUSTWORTHY AI,3,
Analytical thinking,Students will develop the ability to analyze and evaluate the trustworthiness of AI models.,CAUSAL TRUSTWORTHY AI,3,
Collaboration,Students will learn to collaborate effectively with peers in designing and implementing trustworthy AI systems.,CAUSAL TRUSTWORTHY AI,3,
Critical thinking,Students will enhance their critical thinking skills in assessing the limitations and challenges of current AI models and proposing solutions for trustworthy AI systems.,CAUSAL TRUSTWORTHY AI,3,
Problem-solving,Students will enhance their problem-solving abilities through hands-on design and implementation of large-scale systems.,TOPICS CLOUD COMPUTING,3,
Communication,Students will improve their communication skills as they work on different stages of the life cycle of cloud computing and big data systems.,TOPICS CLOUD COMPUTING,3,
Organization,Students will develop the ability to organize and manage complex projects and tasks related to designing and building large-scale systems.,TOPICS CLOUD COMPUTING,3,
Analytical thinking,Students will enhance their analytical thinking skills through performance evaluation of machine learning and deep learning systems on cloud platforms.,TOPICS CLOUD COMPUTING,3,
Collaboration,Students will learn to collaborate effectively with peers and team members during the design and implementation of large-scale systems.,TOPICS CLOUD COMPUTING,3,
Problem-solving,Students will develop the ability to solve problems related to property testing.,INTRO PROPERTY TESTING,3,
Communication,"Students will enhance their communication skills, both verbally and in writing.",INTRO PROPERTY TESTING,3,
Organizational skills,Students will develop the ability to organize their work and manage project timelines.,INTRO PROPERTY TESTING,3,
Analytical thinking,Students will enhance their ability to analyze issues and make informed decisions.,INTRO PROPERTY TESTING,3,
Collaboration,Students will develop the ability to work effectively in teams and collaborate on projects.,INTRO PROPERTY TESTING,3,
Data Privacy Design,Students will develop the ability to design and implement data privacy mechanisms.,FOUNDATIONS DATA PRIVACY,3,
Data Privacy Evaluation,Students will gain the ability to evaluate the effectiveness and privacy guarantees of different data privacy techniques.,FOUNDATIONS DATA PRIVACY,3,
Communication,"Students will enhance their communication skills, both verbally and in writing, to effectively convey data privacy concepts and research findings.",FOUNDATIONS DATA PRIVACY,3,
Analytical Thinking,Students will develop the ability to analyze and interpret data privacy requirements and constraints.,FOUNDATIONS DATA PRIVACY,3,
Ethical Considerations,Students will gain an understanding of the ethical considerations and implications associated with data privacy.,FOUNDATIONS DATA PRIVACY,3,
Analytical thinking,Students will develop the ability to analyze and interpret data related to Internet traffic.,INTERNET MEASUREMENT,3,
Project management,Students may develop project management skills as they work on projects involving Internet traffic measurement and analysis.,INTERNET MEASUREMENT,3,
Research skills,Students may enhance their research skills to gather relevant information for Internet traffic analysis.,INTERNET MEASUREMENT,3,
Presentation skills,Students may improve their ability to present their findings and communicate effectively.,INTERNET MEASUREMENT,3,
Technical troubleshooting,Students may develop the ability to troubleshoot technical issues related to Internet traffic measurement and analysis.,INTERNET MEASUREMENT,3,
Problem-solving,"Students will develop the ability to solve complex problems related to computer networks, such as optimizing network performance or troubleshooting network issues.",ADV COMPUTER NETWORKS,3,
Communication,Students will enhance their ability to effectively communicate technical concepts and network-related information to others.,ADV COMPUTER NETWORKS,3,
Problem-solving,Students will develop the ability to solve problems related to data analysis and machine learning.,MACHINE LEARNING DATASETS,3,
Communication,Students will enhance their ability to communicate findings and insights from data analysis.,MACHINE LEARNING DATASETS,3,
Data visualization,Students will develop the ability to visually represent data for effective communication.,MACHINE LEARNING DATASETS,3,
Analytical thinking,Students will develop the ability to think analytically and critically analyze data.,MACHINE LEARNING DATASETS,3,
Project management,Students will gain the ability to manage and execute data analysis projects effectively.,MACHINE LEARNING DATASETS,3,
Problem-solving,Students will develop the ability to analyze and solve complex problems related to information science.,INTRO TO INFORMATION SCIE,3,
Communication,"Students will enhance their communication skills through participation in discussions, presentations, and paper writing.",INTRO TO INFORMATION SCIE,3,
Critical thinking,Students will develop the ability to think critically and evaluate information and technologies in the field of information science.,INTRO TO INFORMATION SCIE,3,
Collaboration,Students will learn to work effectively in teams and collaborate with others to accomplish common goals.,INTRO TO INFORMATION SCIE,3,
Research skills,"Students will acquire the ability to conduct research, gather relevant information, and evaluate sources in the field of information science.",INTRO TO INFORMATION SCIE,3,
Problem-solving,Students will develop the ability to apply their knowledge and skills to solve complex economic problems.,COMPUTING IN ECONOMICS,4,
Critical thinking,"Students will enhance their critical thinking abilities, particularly in analyzing economic issues and evaluating different perspectives.",COMPUTING IN ECONOMICS,4,
Data interpretation,Students will develop the ability to interpret and draw meaningful conclusions from economic data.,COMPUTING IN ECONOMICS,4,
Communication,"Students will enhance their communication skills, both verbally and in written form, to effectively communicate economic analysis and findings.",COMPUTING IN ECONOMICS,4,
Research skills,"Students will acquire research skills, including the ability to gather relevant economic data, conduct literature reviews, and write research papers.",COMPUTING IN ECONOMICS,4,
Problem-solving,"Through programming projects and algorithmic problem-solving exercises, students will develop the ability to analyze and solve complex problems.",COMPUTING IN ART,4,
Communication,"Students will enhance their communication skills through assignments, projects, and potentially presenting their work, allowing them to effectively convey their ideas and findings.",COMPUTING IN ART,4,
Technical proficiency with digital making,"Students will develop the ability to work with tools such as micro-controllers, sensors, and actuators, enabling them to create interactive projects.",COMPUTING IN ART,4,
Critical and creative thinking,The course's emphasis on creative coding and interactive artistic expression will foster students' ability to think critically and creatively.,COMPUTING IN ART,4,
Application of computational methods,"Students will learn how to apply computational methods, such as text analysis, to multiple disciplines within the liberal arts, allowing them to leverage computing in various contexts.",COMPUTING IN ART,4,
Communication,"Students will enhance their communication skills, both verbally and in writing.",COMPUTING IN LINGUISTICS,4,
Analytical Thinking,Students will develop the ability to analyze and interpret linguistic and computational data.,COMPUTING IN LINGUISTICS,4,
Research Skills,Students will learn research methodologies and develop skills in conducting research in applied linguistics and NLP.,COMPUTING IN LINGUISTICS,4,
Project Management,"Students will gain the ability to plan, organize, and manage projects in the field of linguistics and computing.",COMPUTING IN LINGUISTICS,4,
Collaboration,Students will develop teamwork and collaboration skills through group projects and discussions.,COMPUTING IN LINGUISTICS,4,
Problem-solving,Students will enhance their problem-solving abilities through the completion of projects and assignments in computational biology.,COMPUTING IN BIOLOGY,4,
Communication,Students will develop effective communication skills to present their findings and ideas in the field of computational biology.,COMPUTING IN BIOLOGY,4,
Research collaboration,Students will gain the ability to collaborate with faculty members and peers on research projects in computational biology.,COMPUTING IN BIOLOGY,4,
Data analysis,Students will develop the ability to analyze and interpret complex biological datasets using computational tools.,COMPUTING IN BIOLOGY,4,
Computational modeling,Students will acquire the ability to develop computational models of biological systems to simulate and predict their behavior.,COMPUTING IN BIOLOGY,4,
Critical thinking,Students will develop critical thinking skills through the process of designing and implementing algorithms.,INTRO-COMPUT SCI/PROG IN,3,
Logical reasoning,Students will enhance their logical reasoning abilities as they solve programming problems.,INTRO-COMPUT SCI/PROG IN,3,
Communication,Students will improve their communication skills through collaborative programming projects.,INTRO-COMPUT SCI/PROG IN,3,
Problem-solving,Students will develop the ability to analyze and solve problems using programming techniques.,INTRO-COMPUT SCI/PROG IN,3,
Efficient coding,"Students will learn how to write efficient and readable code, which is an important ability in computer science and programming.",INTRO-COMPUT SCI/PROG IN,3,
Critical thinking,"Students will develop the ability to think critically, enabling them to analyze economic data and evaluate economic theories.",COMPUTING IN ECON,COMPUTING,
Analytical skills,"Students will enhance their analytical skills, which are crucial for interpreting and drawing insights from economic data.",COMPUTING IN ECON,COMPUTING,
Organizational skills,"Students will develop organizational skills, which are essential for managing and structuring economic data and research projects.",COMPUTING IN ECON,COMPUTING,
Verbal communication,"Students will improve their ability to communicate verbally, enabling them to effectively present economic concepts and findings.",COMPUTING IN ECON,COMPUTING,
Written communication,"Students will enhance their ability to communicate in writing, which is important for writing reports, research papers, and economic analyses.",COMPUTING IN ECON,COMPUTING,
Problem-solving,Students will develop the ability to analyze complex problems and devise effective solutions using computational methods.,COMPUTING IN ART,COMPUTING,
Communication,"Students will enhance their ability to communicate their ideas and findings effectively, both verbally and in writing.",COMPUTING IN ART,COMPUTING,
Technical proficiency with digital making,"Students will acquire the ability to work with tools and technologies used in digital making, such as micro-controllers, sensors, and actuators.",COMPUTING IN ART,COMPUTING,
Critical and creative thinking,Students will develop the ability to think critically and creatively when approaching computational and artistic challenges.,COMPUTING IN ART,COMPUTING,
Application of skills to multiple disciplines,"Students will learn how to apply their programming and computational skills to various disciplines within the liberal arts, expanding their ability to solve problems in different contexts.",COMPUTING IN ART,COMPUTING,
Problem-solving,Students will develop the ability to solve problems related to NLP and computational linguistics as they work on programming projects.,COMPUTATIONAL LINGUISTICS,COMPUTING,
Communication,"The course emphasizes practical experience and implementation of NLP methods, indicating the need for effective communication of findings and results.",COMPUTATIONAL LINGUISTICS,COMPUTING,
Data analysis,"Students will develop the ability to analyze and interpret data, particularly in the context of NLP techniques such as topic modeling and sentiment analysis.",COMPUTATIONAL LINGUISTICS,COMPUTING,
Programming,"The course requires students to implement NLP methods in Python, developing their programming abilities.",COMPUTATIONAL LINGUISTICS,COMPUTING,
Research skills,"By the end of the course, students will be able to implement the knowledge gained in their own research work, indicating the development of research skills.",COMPUTATIONAL LINGUISTICS,COMPUTING,
Problem-solving,Students will enhance their ability to solve complex problems in computational biology.,COMPUTING IN BIOLOGY,COMPUTING,
Communication,Students will develop effective communication skills to present their findings and collaborate with others in the field.,COMPUTING IN BIOLOGY,COMPUTING,
Research skills,Students will gain the ability to conduct independent research in computational biology.,COMPUTING IN BIOLOGY,COMPUTING,
Data analysis,Students will develop the ability to analyze and interpret large-scale biological datasets.,COMPUTING IN BIOLOGY,COMPUTING,
Computational modeling,Students will acquire the ability to develop computational models of biological systems for simulation and prediction.,COMPUTING IN BIOLOGY,COMPUTING,
Effective communication,"Students will enhance their ability to communicate effectively, both verbally and in writing, as emphasized by the course's focus on presentations and in-class participation.",EMERGING SCHOLARS PROG SE,1,
Organizational skills,"Students will develop the ability to organize their work and manage their time effectively, as indicated by the course's structure and requirements.",EMERGING SCHOLARS PROG SE,1,
Problem-solving,Students will develop the ability to analyze and solve problems encountered during web development projects.,FULL STACK WEB DEVELOP,1,
Communication,Students will enhance their ability to effectively communicate their ideas and collaborate with team members.,FULL STACK WEB DEVELOP,1,
Organization,"Students will develop the ability to organize and manage their codebase, project files, and resources efficiently.",FULL STACK WEB DEVELOP,1,
Analytical thinking,Students will develop the ability to analyze and evaluate different approaches and solutions to web development challenges.,FULL STACK WEB DEVELOP,1,
Deployment/command-line fundamentals,"Students will learn how to deploy web applications and work with command-line tools, enhancing their ability to manage and deploy web projects.",FULL STACK WEB DEVELOP,1,
Problem-solving,"Students will develop problem-solving abilities as they work on designing, coding, and testing software projects.",Clean Object-Oriented Des,3,
Communication,Students will enhance their communication abilities through assignments and projects that require clear documentation and explanation of their software designs.,Clean Object-Oriented Des,3,
Analytical thinking,Students will develop the ability to analyze and evaluate different design options and make informed decisions based on their analysis.,Clean Object-Oriented Des,3,
Collaboration,"Students will have the opportunity to collaborate with their peers on assignments and projects, enhancing their ability to work effectively in a team.",Clean Object-Oriented Des,3,
Software testing,Students will gain the ability to test their software implementations and ensure their robustness and correctness.,Clean Object-Oriented Des,3,
Problem-solving,Students will develop the ability to solve algorithmic problems efficiently by applying the learned skills and knowledge.,DATA STRUCTURES IN JAVA,3,
Information organization,"Students will enhance their ability to organize and process information efficiently, enabling them to handle complex data structures effectively.",DATA STRUCTURES IN JAVA,3,
Communication,"Students will improve their communication skills, both verbally and in writing, as they engage in class discussions, participate in Piazza, and present their solutions.",DATA STRUCTURES IN JAVA,3,
Time management,"Students will develop the ability to manage their time effectively, balancing the completion of homework assignments, exams, and class participation.",DATA STRUCTURES IN JAVA,3,
Collaboration,"Students will have the opportunity to collaborate with peers, enhancing their ability to work in teams and contribute to group projects effectively.",DATA STRUCTURES IN JAVA,3,
Analytical thinking,Students will develop the ability to analyze the efficiency of algorithms.,ESSENTIAL DATA STRUCTURES,4,
Communication,Students will enhance their communication skills through presenting and explaining their solutions.,ESSENTIAL DATA STRUCTURES,4,
Problem-solving,Students will develop the ability to solve computation problems and communicate the correctness and efficiency of their solutions.,ESSENTIAL DATA STRUCTURES,4,
Teamwork,Students will enhance their ability to work on programming assignments and projects in a team.,ESSENTIAL DATA STRUCTURES,4,
Programming,Students will develop their programming abilities through hands-on assignments and projects.,ESSENTIAL DATA STRUCTURES,4,
Problem-solving,Students will develop the ability to solve complex programming problems.,ADVANCED PROGRAMMING,4,
Communication,Students will enhance their communication skills through project documentation and presentations.,ADVANCED PROGRAMMING,4,
Organization,Students will develop the ability to organize their code and project files effectively.,ADVANCED PROGRAMMING,4,
Analytical thinking,Students will develop the ability to analyze and understand complex programming concepts.,ADVANCED PROGRAMMING,4,
Collaboration,Students will develop the ability to work effectively in teams on programming projects.,ADVANCED PROGRAMMING,4,
Communication,"Students will enhance their communication skills through assignments, projects, and the ability to write clear and concise proofs.",DISCRETE MATHEMATICS,4,
Analytical thinking,Students will develop the ability to analyze issues and apply logical reasoning to solve problems in the field of discrete mathematics and computer science.,DISCRETE MATHEMATICS,4,
Problem-solving,Students will develop the ability to solve complex problems by applying computational thinking and algorithmic techniques.,COMPUTER SCIENCE THEORY,3,
Analytical thinking,Students will enhance their ability to analyze and evaluate the complexity of computational problems.,COMPUTER SCIENCE THEORY,3,
Logical reasoning,Students will develop the ability to reason logically and apply logical principles in the context of computation.,COMPUTER SCIENCE THEORY,3,
Communication,"Although not explicitly mentioned, it can be inferred that students will enhance their ability to communicate complex concepts related to computer science theory.",COMPUTER SCIENCE THEORY,3,
Time management,Students will develop the ability to manage their time effectively to complete problem sets and the final project within the given deadlines.,COMPUTER SCIENCE THEORY,3,
Problem-solving,Students will develop the ability to apply their critical thinking and analysis skills to solve problems related to computers and society.,COMPUTERS AND SOCIETY,3,
Verbal communication,"Students will enhance their ability to effectively communicate their ideas and opinions verbally, both in discussions and presentations.",COMPUTERS AND SOCIETY,3,
Written communication,"Students will improve their ability to communicate their thoughts and findings in writing, including the preparation of documents and reports.",COMPUTERS AND SOCIETY,3,
Research skills,"Students will develop the ability to conduct research, gather relevant information, and evaluate sources to support their analysis and arguments.",COMPUTERS AND SOCIETY,3,
Collaboration,"Students will enhance their ability to work collaboratively with others, both in discussions and group projects, to achieve common goals and share diverse perspectives.",COMPUTERS AND SOCIETY,3,
Problem-solving,"Through the projects and programming assignments, students will develop problem-solving abilities as they encounter challenges and find solutions in designing and implementing databases.",INTRODUCTION TO DATABASES,3,
Communication,"Students will enhance their communication abilities through class discussions and participation, allowing them to effectively express their ideas and thoughts related to database concepts and projects.",INTRODUCTION TO DATABASES,3,
Problem-solving,Students will develop problem-solving abilities as they work on coding-oriented homework assignments.,FUND-LARGE-SCALE DIST SYS,3,
Communication,Students will enhance their communication abilities through discussions and presentations related to distributed system design.,FUND-LARGE-SCALE DIST SYS,3,
Problem-solving,Students will develop problem-solving abilities as they work on programming projects and assignments related to distributed systems. This ability is necessary to analyze and evaluate existing systems and propose improvements.,FUND-LARGE-SCALE DIST SYSTEMS,3,
Communication,"Students will enhance their communication skills through lectures, discussions, and collaborative work on distributed systems. Effective communication is essential for working in teams and conveying ideas and concepts related to distributed systems.",FUND-LARGE-SCALE DIST SYSTEMS,3,
Problem-solving,Students will develop the ability to analyze and solve programming problems.,PROGRAMMING LANG & TRANSL,3,
Communication,Students will enhance their ability to communicate programming concepts and ideas effectively.,PROGRAMMING LANG & TRANSL,3,
Organization,Students will develop the ability to organize and structure their code and projects.,PROGRAMMING LANG & TRANSL,3,
Analytical thinking,Students will develop the ability to analyze programming languages and their features.,PROGRAMMING LANG & TRANSL,3,
Adaptability,Students will gain the ability to adapt to different programming languages and paradigms.,PROGRAMMING LANG & TRANSL,3,
Problem-solving,Students will develop the ability to analyze and solve complex problems related to programming languages and compilers.,PROGRAMMING LANG-TRANSLATORS,3,
Communication,Students will enhance their ability to effectively communicate their ideas and findings related to programming languages and compilers.,PROGRAMMING LANG-TRANSLATORS,3,
Organization,Students will develop the ability to organize and manage their work effectively while working on programming projects.,PROGRAMMING LANG-TRANSLATORS,3,
Analytical thinking,Students will enhance their ability to analyze and evaluate different programming languages and their features.,PROGRAMMING LANG-TRANSLATORS,3,
Attention to detail,"Students will develop the ability to pay attention to detail while designing and implementing compilers, ensuring accuracy and correctness in their work.",PROGRAMMING LANG-TRANSLATORS,3,
Work in groups,Students will develop the ability to collaborate effectively with others in a group setting.,OPERATING SYSTEMS I,3,
Time management,Students will enhance their ability to manage their time and meet deadlines for assignments and projects.,OPERATING SYSTEMS I,3,
Problem-solving,Students will develop the ability to analyze and solve problems related to operating system design and implementation.,OPERATING SYSTEMS I,3,
Communication,"Students will enhance their communication skills, both verbally and in written form, through group discussions and project documentation.",OPERATING SYSTEMS I,3,
Analytical thinking,Students will develop the ability to analyze complex problems and make informed decisions in the context of operating system design and implementation.,OPERATING SYSTEMS I,3,
Problem-solving,Students will develop the ability to solve problems as they work on programming projects.,Engineering Software-as-a,3,
Communication,Students will enhance their communication skills through team projects and presentations.,Engineering Software-as-a,3,
Organization,Students will develop the ability to organize their work and manage project timelines.,Engineering Software-as-a,3,
Analytical thinking,Students will develop the ability to analyze issues and make informed decisions.,Engineering Software-as-a,3,
Collaboration,"Students will learn how to work effectively in teams to design, develop, and deploy web applications.",Engineering Software-as-a,3,
Problem-solving,"Students will develop the ability to analyze and solve complex problems that arise during software development, using critical thinking and logical reasoning.",ADVANCED SOFTWARE ENGINEE,3,
Communication,"Students will enhance their ability to effectively communicate ideas, requirements, and solutions both verbally and in written form, to collaborate with team members and stakeholders.",ADVANCED SOFTWARE ENGINEE,3,
Organizational skills,"Students will develop the ability to organize and manage their work effectively, including prioritizing tasks, meeting deadlines, and coordinating with team members.",ADVANCED SOFTWARE ENGINEE,3,
Analytical skills,"Students will enhance their ability to analyze and evaluate software systems, identify potential issues, and make informed decisions to improve the quality and performance of the software.",ADVANCED SOFTWARE ENGINEE,3,
Collaboration,"Students will develop the ability to work effectively in a team, collaborating with others to achieve common goals and leveraging diverse perspectives and skills.",ADVANCED SOFTWARE ENGINEE,3,
Develop software using modern software engineering practices,Students will develop the ability to apply modern software engineering practices in software development projects.,Advanced Software Engineering,3,
Work with SaaS architecture,Students will acquire the ability to work with and implement software solutions using SaaS architecture.,Advanced Software Engineering,3,
Implement behavior-driven development,Students will develop the ability to implement behavior-driven development techniques in software projects.,Advanced Software Engineering,3,
Develop software using Ruby on Rails,Students will gain the ability to build software applications using the Ruby on Rails framework.,Advanced Software Engineering,3,
Designing computer graphics algorithms and techniques,"Students will develop the ability to design computer graphics algorithms and techniques, demonstrating their capacity to propose and implement projects that involve advanced graphics techniques.",COMPUTER GRAPHICS,3,
Problem-solving,Students will enhance their problem-solving abilities as they work on programming projects and tackle challenges related to computer graphics algorithms and techniques.,COMPUTER GRAPHICS,3,
Communication,"Students will improve their communication skills, both verbally and in writing, through the presentation of research papers and the completion of programming projects that require clear and effective communication of ideas and concepts.",COMPUTER GRAPHICS,3,
Problem-solving,Students will develop the ability to apply computational techniques and algorithms to solve real-world problems in pixel processing.,COMPUT TECHNIQUES-PIXEL P,3,
Communication,Students will enhance their ability to effectively communicate their findings and ideas related to pixel processing and computer vision.,COMPUT TECHNIQUES-PIXEL P,3,
Communication,Students will enhance their communication skills through class discussions and project presentations.,USER INTERFACE DESIGN,3,
Problem-solving,Students will develop the ability to analyze and solve problems related to user interface design.,USER INTERFACE DESIGN,3,
Organizational skills,Students will develop the ability to organize their work and manage project timelines.,USER INTERFACE DESIGN,3,
Analytical skills,Students will enhance their ability to analyze issues and make informed design decisions.,USER INTERFACE DESIGN,3,
Written communication,Students will improve their ability to communicate effectively in writing through assignments and project documentation.,USER INTERFACE DESIGN,3,
Problem-solving,Students will develop the ability to identify and solve complex problems related to investment analysis and decision-making.,SECURITY I,3,
Communication,Students will enhance their ability to effectively communicate investment ideas and analysis to both technical and non-technical audiences.,SECURITY I,3,
Teamwork,Students will learn how to work effectively in teams to collaborate on investment research and analysis projects.,SECURITY I,3,
Critical thinking,Students will develop the ability to think critically and evaluate investment opportunities from multiple perspectives.,SECURITY I,3,
Time management,Students will learn how to effectively manage their time and prioritize tasks to meet the demands of the course workload.,SECURITY I,3,
Problem-solving,Students will develop problem-solving abilities as they analyze malware and develop tools to detect and prevent attacks.,MALWARE ANALYSIS&REVERSE,3,
Communication,Students will enhance their communication skills through discussions and presentations related to malware analysis and reverse engineering.,MALWARE ANALYSIS&REVERSE,3,
Technical analysis,Students will develop the ability to analyze technical aspects of malware and reverse engineering tools.,MALWARE ANALYSIS&REVERSE,3,
Research skills,Students will acquire the ability to conduct research on malware analysis techniques and related topics.,MALWARE ANALYSIS&REVERSE,3,
Critical thinking,Students will develop critical thinking abilities to evaluate and analyze malware and reverse engineering techniques.,MALWARE ANALYSIS&REVERSE,3,
Problem-solving,Students will develop the ability to solve complex problems using computational methods.,INTRO-COMPUTATIONAL COMPL,3,
Communication,Students will enhance their ability to effectively communicate their ideas and findings.,INTRO-COMPUTATIONAL COMPL,3,
Data interpretation,Students will develop the ability to interpret and analyze data using computational tools.,INTRO-COMPUTATIONAL COMPL,3,
Analytical thinking,Students will enhance their ability to think critically and analyze information.,INTRO-COMPUTATIONAL COMPL,3,
Application of computational methods,Students will gain the ability to apply computational methods to real-world problems in various fields.,INTRO-COMPUTATIONAL COMPL,3,
Problem-solving,Students will enhance their ability to solve complex computational problems by applying the concepts and techniques learned in the course.,INTRO-COMPUTATIONAL COMPLEXITY,3,
Analyzing issues,"Through studying computational complexity theory, students will develop the ability to critically analyze and evaluate the inherent difficulty of computational problems.",INTRO-COMPUTATIONAL COMPLEXITY,3,
Communication (verbal and written),The course's emphasis on problem sets and a final project will improve students' ability to communicate their ideas and findings both verbally and in writing.,INTRO-COMPUTATIONAL COMPLEXITY,3,
Organizing,"Students will develop the ability to organize their thoughts and approach complex problems systematically, which is essential in computational complexity theory.",INTRO-COMPUTATIONAL COMPLEXITY,3,
Applying concepts to real-world problems,"The final project in the course will provide students with the opportunity to apply the concepts and techniques learned to real-world problems, enhancing their ability to transfer theoretical knowledge to practical scenarios.",INTRO-COMPUTATIONAL COMPLEXITY,3,
Problem-solving,Students will develop the ability to analyze and solve problems related to machine learning algorithms and real-world data.,INTRO-COMPUTATIONAL LEARN,3,
Communication,Students will enhance their ability to effectively communicate their findings and ideas related to machine learning concepts and projects.,INTRO-COMPUTATIONAL LEARN,3,
Application of concepts and algorithms to solve real-world problems in machine learning and data analysis,"Students will develop the ability to apply the concepts and algorithms they learn to real-world problems, demonstrating their capacity to express their skills in practical scenarios.",INTRO-COMPUTATIONAL LEARN THRY,3,
Problem-solving,"Through working on programming projects, students will develop their problem-solving abilities, which involve the capacity to analyze issues, identify solutions, and implement them effectively.",INTRO-COMPUTATIONAL LEARN THRY,3,
Communication,"The course will enhance students' communication skills, enabling them to effectively convey their ideas, findings, and solutions verbally and in writing.",INTRO-COMPUTATIONAL LEARN THRY,3,
Problem-solving,The homework assignments and final project in the course will help students develop their problem-solving abilities.,INTRO TO CRYPTOGRAPHY,3,
Communication,"Students will enhance their communication skills through lectures, homework assignments, and the final project.",INTRO TO CRYPTOGRAPHY,3,
Problem-solving,Students will develop the ability to solve complex problems related to quantum computing and quantum information.,INTRO TO QUANTUM COMPUTIN,3,
Communication,Students will enhance their communication skills through class discussions and presentations.,INTRO TO QUANTUM COMPUTIN,3,
Analytical thinking,Students will develop the ability to analyze and evaluate quantum computing concepts and theories.,INTRO TO QUANTUM COMPUTIN,3,
Mathematical reasoning,"Students will enhance their ability to reason mathematically, particularly in the context of abstract linear algebra.",INTRO TO QUANTUM COMPUTIN,3,
Critical thinking,Students will develop critical thinking skills to evaluate and assess the state of the field of quantum computing and its future directions.,INTRO TO QUANTUM COMPUTIN,3,
Creativity,The course focuses on creativity in problem-solving and finding innovative solutions to open-ended computational problems.,PROGRAMMING & PROBLEM SOL,3,
Cooperation,Students will develop the ability to work collaboratively with peers on projects and assignments.,PROGRAMMING & PROBLEM SOL,3,
Collaboration,The course emphasizes collaboration in building intelligent computer systems and solving AI problems.,PROGRAMMING & PROBLEM SOL,3,
Analytical thinking,Students will enhance their ability to analyze and evaluate different approaches and techniques in AI.,PROGRAMMING & PROBLEM SOL,3,
e,"The course description and syllabus provided limited information, so the skills, knowledge, and abilities listed above are based on the available information.",PROGRAMMING & PROBLEM SOL,3,
Collaborative leadership,"Students will develop the ability to lead and collaborate effectively within a team, leveraging the diverse skills and perspectives of team members to achieve common goals.",PRIN-INNOVATN/ENTREPRENEU,3,
Planning and organizing,"Students will enhance their ability to plan and organize tasks, resources, and timelines to ensure the successful execution of their new venture projects.",PRIN-INNOVATN/ENTREPRENEU,3,
Analytical thinking,"Students will develop the ability to analyze complex business challenges, evaluate different options, and make informed decisions based on data and critical thinking.",PRIN-INNOVATN/ENTREPRENEU,3,
Verbal communication,"Students will improve their ability to communicate effectively verbally, presenting their ideas, pitching their ventures, and engaging in discussions with stakeholders.",PRIN-INNOVATN/ENTREPRENEU,3,
Written communication,"Students will enhance their ability to communicate in writing, preparing professional documents such as business plans, investor pitches, and marketing materials for their new ventures.",PRIN-INNOVATN/ENTREPRENEU,3,
Problem-solving,Students will develop the ability to analyze and solve complex problems using AI techniques.,ARTIFICIAL INTELLIGENCE,3,
Communication,Students will enhance their ability to effectively communicate their ideas and findings related to AI.,ARTIFICIAL INTELLIGENCE,3,
Collaboration,Students will develop the ability to work collaboratively with peers from different industries.,ARTIFICIAL INTELLIGENCE,3,
Critical thinking,Students will enhance their ability to think critically and evaluate AI solutions.,ARTIFICIAL INTELLIGENCE,3,
Research skills,Students will develop the ability to conduct research and stay updated with emerging AI trends and research.,ARTIFICIAL INTELLIGENCE,3,
Implementation of NLP methods,Students will be able to implement the knowledge gained in their own research work and apply NLP techniques to analyze data.,NATURAL LANGUAGE PROCESSI,3,
Proposal writing,Students will develop the ability to write project proposals for semester-long projects.,NATURAL LANGUAGE PROCESSI,3,
Report and code submission,Students will learn to submit final reports and code for their projects.,NATURAL LANGUAGE PROCESSI,3,
Video presentation,Students will develop the ability to create and deliver short video presentations.,NATURAL LANGUAGE PROCESSI,3,
Application of NLP as data scientists,Students will be able to practice the gained knowledge as applied NLP data scientists in various business domains.,NATURAL LANGUAGE PROCESSI,3,
Communication,"Students will enhance their communication abilities through the completion of assignments and the final project, where they will need to effectively convey their ideas and results.",Computer Vision I,3,
Analytical thinking,"Students will develop the ability to analyze and interpret computer vision results, enabling them to make informed decisions and improvements.",Computer Vision I,3,
Organization,Students will develop organizational skills as they manage their time and resources to complete assignments and the final project.,Computer Vision I,3,
Attention to detail,"Students will cultivate attention to detail as they work with complex computer vision algorithms and datasets, ensuring accuracy and reliability.",Computer Vision I,3,
Collaboration,"Students will have the opportunity to collaborate with peers on assignments and the final project, fostering teamwork and the ability to work effectively in a group setting.",Computer Vision I,3,
Problem-solving,Students will develop problem-solving abilities as they apply machine learning methods to functional genomics datasets and analyze the results.,ML for Functional Genomic,3,
Scientific communication,Students will enhance their ability to communicate scientific findings and conclusions to a scientific audience.,ML for Functional Genomic,3,
Critical evaluation,Students will develop the ability to critically evaluate and assess the results and interpretations of machine learning models applied to functional genomics data.,ML for Functional Genomic,3,
Application of machine learning,Students will develop the ability to apply machine learning techniques to solve real-world problems and make data-driven decisions.,MACHINE LEARNING,3,
Data-driven decision making,Students will enhance their ability to make informed decisions based on the analysis and interpretation of data using machine learning models.,MACHINE LEARNING,3,
Critical thinking,Students will develop critical thinking skills to evaluate and interpret the results obtained from machine learning models.,MACHINE LEARNING,3,
Collaboration,Students will enhance their ability to collaborate with others in working on machine learning projects and solving complex problems.,MACHINE LEARNING,3,
Communication,Students will improve their ability to effectively communicate their findings and insights from machine learning analyses to both technical and non-technical audiences.,MACHINE LEARNING,3,
Analytical thinking,Students will develop the ability to analyze and interpret data to draw causal inferences.,Causal Inference,3,
Critical thinking,Students will enhance their critical thinking skills as they evaluate assumptions and methods in causal inference.,Causal Inference,3,
Research skills,Students will develop the ability to conduct research and gather relevant information for causal inference.,Causal Inference,3,
Written communication,Students will improve their ability to communicate effectively through written assignments and reports.,Causal Inference,3,
Statistical analysis,"Although not explicitly mentioned, students may develop the ability to perform statistical analysis using various methods for causal inference.",Causal Inference,3,
Problem-solving,"Students will develop problem-solving skills through programming assignments and projects, applying their knowledge of functional and parallel programming to solve real-world problems.",PARALLEL FUNCTIONAL PROGRAMMIN,3,
Communication,"Students will enhance their communication skills through discussions, presentations, and written assignments, effectively conveying their ideas and solutions related to functional and parallel programming.",PARALLEL FUNCTIONAL PROGRAMMIN,3,
Analytical thinking,"Students will develop the ability to analyze complex problems and evaluate different approaches to solve them, considering factors such as performance, scalability, and maintainability.",PARALLEL FUNCTIONAL PROGRAMMIN,3,
Collaboration,"Students will have opportunities to collaborate with peers on programming assignments and projects, fostering teamwork and the ability to work effectively in a group setting.",PARALLEL FUNCTIONAL PROGRAMMIN,3,
Adaptability,"Students will learn to adapt their programming skills and knowledge to different programming paradigms, expanding their versatility and ability to tackle diverse programming challenges.",PARALLEL FUNCTIONAL PROGRAMMIN,3,
Problem-solving,Students will develop the ability to analyze and solve programming problems using C++.,DESIGN USING C++,3,
Communication,"Through the semester-long project and the short video presentation, students will enhance their ability to communicate their ideas and work effectively.",DESIGN USING C++,3,
Organization,"The course structure, including programming assignments and the semester-long project, will require students to develop organizational skills to manage their work effectively.",DESIGN USING C++,3,
Analytical thinking,Students will develop the ability to analyze issues and make informed decisions in the context of C++ programming.,DESIGN USING C++,3,
Time management,"The course workload, including programming assignments and the semester-long project, will require students to develop time management skills to meet deadlines and complete tasks efficiently.",DESIGN USING C++,3,
Problem-solving,"Students will develop problem-solving abilities as they work on programming projects in machine learning and signal recognition, allowing them to analyze and solve complex problems.",MATH MACH LEARN SIG RECOG,3,
Communication,"Students will enhance their communication abilities through short video presentations and project reports, enabling them to effectively convey their ideas and findings in machine learning and signal recognition.",MATH MACH LEARN SIG RECOG,3,
Problem-solving,Students will enhance their ability to analyze and solve complex problems through programming projects and assignments.,TECH INTERVIEW PREP C++,3,
Communication,"Students will improve their ability to communicate their ideas and solutions effectively, both verbally and in writing.",TECH INTERVIEW PREP C++,3,
Technical interview skills,"Students will develop the ability to perform well in technical interviews, including system design and behavioral interview questions.",TECH INTERVIEW PREP C++,3,
Programming proficiency,Students will enhance their ability to write clean and efficient code in C++ and other relevant programming languages.,TECH INTERVIEW PREP C++,3,
Machine learning application,"Students will gain the ability to apply machine learning techniques to solve real-world problems, particularly in computer vision.",TECH INTERVIEW PREP C++,3,
Problem-solving,Students will develop the ability to analyze complex problems and devise effective solutions using their programming skills and knowledge.,COMPETITIVE PROGRAMMING,3,
Critical thinking,"Students will enhance their ability to think critically and logically, enabling them to identify patterns, optimize algorithms, and solve challenging programming problems.",COMPETITIVE PROGRAMMING,3,
Time management,"Students will learn to manage their time effectively during programming contests, ensuring efficient problem-solving within given time constraints.",COMPETITIVE PROGRAMMING,3,
Collaboration,"Students will develop the ability to work effectively in teams, as they will be involved in a team project during the course, fostering collaboration and teamwork skills.",COMPETITIVE PROGRAMMING,3,
Adaptability,"Students will enhance their ability to adapt to different programming environments and platforms, as the course covers PyTorch, CUDA programming, and MPI, which are commonly used in competitive programming.",COMPETITIVE PROGRAMMING,3,
Critical thinking,Students will develop the ability to critically examine previous research and analyze data.,EMPIRICAL METHODS DATA SC,3,
Ethical research,Students will learn how to collect data in the most ethical and robust manner.,EMPIRICAL METHODS DATA SC,3,
Organizational skills,Students will enhance their ability to organize and manage data for analysis.,EMPIRICAL METHODS DATA SC,3,
Verbal communication,"Students will improve their ability to communicate verbally, which is essential for presenting research findings.",EMPIRICAL METHODS DATA SC,3,
Written communication,Students will enhance their ability to communicate in writing through assignments such as project proposals and progress reports.,EMPIRICAL METHODS DATA SC,3,
Project proposal presentation,Students will develop the ability to effectively present their project proposals to a team or audience.,MOBILE APP DEVELOP IOS,3,
Teamwork,"The course is taught in a team environment, allowing students to enhance their ability to collaborate and work effectively in a group setting.",MOBILE APP DEVELOP IOS,3,
Problem-solving,"Through the project-based nature of the course, students will develop their problem-solving skills as they encounter challenges and find solutions during the app development process.",MOBILE APP DEVELOP IOS,3,
Verbal communication,"Students will enhance their ability to communicate ideas and concepts verbally, which is crucial for effective collaboration and project discussions.",MOBILE APP DEVELOP IOS,3,
Written communication,"Students will improve their ability to communicate technical information and document their work in writing, which is important for project documentation and code documentation.",MOBILE APP DEVELOP IOS,3,
Communication,"Students will enhance their communication abilities, both verbally and in writing, to effectively convey their ideas and solutions.",HACKING 4 DEFENSE,3,
Collaboration,"Students will develop the ability to work in teams, collaborating with peers, industry experts, and mentors to develop comprehensive solutions.",HACKING 4 DEFENSE,3,
Organization,"Students will acquire the ability to organize their work, manage timelines, and prioritize tasks to ensure efficient project execution.",HACKING 4 DEFENSE,3,
Analytical thinking,Students will develop the ability to analyze complex issues and break them down into manageable components for problem-solving.,HACKING 4 DEFENSE,3,
Presentation,Students will enhance their presentation abilities to effectively communicate their solutions to a panel of experts and government agencies.,HACKING 4 DEFENSE,3,
Problem-solving,Students will develop the ability to analyze social problems and propose effective solutions using data-driven methods.,DATA-DRVN DSGN SOCIAL INN,3,
Communication,"Students will enhance their ability to communicate ideas, findings, and solutions verbally and in written form.",DATA-DRVN DSGN SOCIAL INN,3,
Data analysis,"Students will acquire the ability to collect, organize, and analyze data to derive meaningful insights.",DATA-DRVN DSGN SOCIAL INN,3,
Project management,"Students will develop the ability to plan, organize, and execute projects within given timeframes and resources.",DATA-DRVN DSGN SOCIAL INN,3,
Critical thinking,Students will enhance their ability to think critically and evaluate different approaches and solutions to social problems.,DATA-DRVN DSGN SOCIAL INN,3,
Problem-solving,Students will enhance their problem-solving abilities as they tackle programming projects and optimize neural network performance.,NEURAL NETWORKS DEEP LEARNING,3,
Communication,"The course will provide opportunities for students to improve their communication skills, both verbally and in writing, as they present their work and discuss concepts with peers and instructors.",NEURAL NETWORKS DEEP LEARNING,3,
Problem-solving,Students will develop the ability to solve complex problems related to deep learning for computer vision.,DEEP LRNG FOR COMP VISION,3,
Communication,Students will enhance their ability to effectively communicate their research findings and ideas related to deep learning for computer vision.,DEEP LRNG FOR COMP VISION,3,
Performance modeling,Students will acquire the ability to model and analyze the performance of deep learning models in PyTorch.,DEEP LRNG FOR COMP VISION,3,
Parallel computing,Students will develop the ability to utilize parallel computing techniques using CUDA programming and MPI.,DEEP LRNG FOR COMP VISION,3,
Research,"Students will gain the ability to conduct original research in the field of deep learning for computer vision, as demonstrated through the final project.",DEEP LRNG FOR COMP VISION,3,
Problem-solving,Students will enhance their problem-solving abilities through the completion of programming projects.,INNOVATION & DESIGN LAB,3,
Communication,"Students will improve their communication abilities, both verbally and in writing, through project presentations and documentation.",INNOVATION & DESIGN LAB,3,
Organization,"Students will develop the ability to organize their work effectively, manage project timelines, and meet deadlines.",INNOVATION & DESIGN LAB,3,
Analytical thinking,Students will enhance their ability to analyze issues and make informed decisions during the project development process.,INNOVATION & DESIGN LAB,3,
Critical thinking,Students will develop critical thinking skills to evaluate and improve their projects based on feedback and user needs.,INNOVATION & DESIGN LAB,3,
Problem-solving,Students will enhance their ability to analyze and solve complex problems in the health and medical fields using machine learning techniques.,Adv Mach Lrng Health &Med,3,
Communication,Students will develop the ability to effectively communicate their findings and insights from machine learning projects in the biomedical research domain.,Adv Mach Lrng Health &Med,3,
Application of machine learning methods,"Students will be able to apply machine learning methods, such as SVMs, decision trees, and neural networks, to real-world problems, demonstrating their ability to implement and utilize these techniques effectively.",APPLIED MACHINE LEARNING,3,
Problem-solving,"Students will develop the ability to solve complex problems using machine learning approaches, combining their knowledge of statistics, mathematics, and programming to address real-world challenges.",APPLIED MACHINE LEARNING,3,
Data analysis and interpretation,"Students will be able to analyze and interpret data using machine learning techniques, extracting meaningful insights and making informed decisions based on the results.",APPLIED MACHINE LEARNING,3,
Programming,"Students will enhance their programming abilities, particularly in Python, by writing code to implement machine learning algorithms and manipulate real-world data.",APPLIED MACHINE LEARNING,3,
Project management,"Students will develop project management skills through hands-on application projects, where they will be expected to allocate time and effort effectively to solve challenging problems within given deadlines.",APPLIED MACHINE LEARNING,3,
Problem-solving,Students will develop problem-solving abilities as they work on programming projects and analyze data to solve data science problems.,ELEMENTS FOR DATA SCIENCE,3,
Communication,"The course will enhance students' communication abilities, both verbally and in writing, as they present their findings and insights from data analysis.",ELEMENTS FOR DATA SCIENCE,3,
Analytical thinking,"Students will develop the ability to analyze issues and think critically about data science problems, enabling them to make informed decisions and draw meaningful conclusions.",ELEMENTS FOR DATA SCIENCE,3,
Organization,"The course activities, including a semester-length data science project, will require students to organize their work and manage their time effectively.",ELEMENTS FOR DATA SCIENCE,3,
Research,"Students will have the opportunity to conduct original research and interact with industry partners and faculty, developing research abilities and gaining practical experience in the field of data science.",ELEMENTS FOR DATA SCIENCE,3,
Applying deep learning,Students will be able to apply deep learning techniques to solve business problems in their workplace.,APPLIED DEEP LEARNING,3,
Analyzing and interpreting data,Students will develop the ability to analyze and interpret data using deep learning models.,APPLIED DEEP LEARNING,3,
Implementing deep learning models,Students will gain the ability to implement deep learning models using Python and relevant libraries.,APPLIED DEEP LEARNING,3,
Deriving inferences from datasets,Students will learn how to derive meaningful insights and inferences from datasets using deep learning techniques.,APPLIED DEEP LEARNING,3,
Hands-on experience,Students will gain practical experience in working with deep learning models through projects and assignments.,APPLIED DEEP LEARNING,3,
Problem-solving,Students will develop the ability to analyze and solve complex problems related to formal verification of hardware and software systems.,FORMAL VERIF HW SW SYSTEM,3,
Communication,"Students will enhance their ability to effectively communicate their ideas, findings, and research results both verbally and in writing.",FORMAL VERIF HW SW SYSTEM,3,
Research skills,"Students will develop the ability to conduct research, analyze research papers, and contribute to the field of formal verification of system software.",FORMAL VERIF HW SW SYSTEM,3,
Critical thinking,Students will enhance their ability to think critically and evaluate different approaches and techniques in the field of formal verification.,FORMAL VERIF HW SW SYSTEM,3,
Collaboration,"Students will develop the ability to work collaboratively in teams, especially during the significant research project, to achieve common goals in the field of formal verification.",FORMAL VERIF HW SW SYSTEM,3,
Programming,Students will have the ability to write programs in languages such as C and assembly language.,FUNDAMENTALS OF COMPUTER,3,
Problem-solving,Students will develop the ability to analyze and solve problems related to computer systems.,FUNDAMENTALS OF COMPUTER,3,
Communication,Students will have the ability to effectively communicate their ideas and findings verbally and in writing.,FUNDAMENTALS OF COMPUTER,3,
Critical thinking,Students will develop the ability to think critically and evaluate different approaches to solving problems in computer systems.,FUNDAMENTALS OF COMPUTER,3,
Organization,Students will enhance their ability to organize and manage complex projects and tasks related to computer systems.,FUNDAMENTALS OF COMPUTER,3,
Problem-solving,Students will develop the ability to solve problems related to computer architecture as they work on assignments and the final project.,COMPUTER ARCHITECTURE,3,
Communication,"Students will enhance their communication skills through the completion of assignments and the final project, which may involve group work and presentations.",COMPUTER ARCHITECTURE,3,
Analytical thinking,Students will develop the ability to analyze the performance of a computer system and identify areas for improvement.,COMPUTER ARCHITECTURE,3,
Organizational skills,"Although not explicitly mentioned in the course description, organizational skills may be required for managing assignments and the final project.",COMPUTER ARCHITECTURE,3,
Time management,"Although not explicitly mentioned in the course description, time management skills may be necessary for completing assignments and the final project within given deadlines.",COMPUTER ARCHITECTURE,3,
Problem-solving,Students will develop problem-solving abilities as they work on designing and implementing SoC platforms.,SYSTEM-ON-CHIP PLATFORMS,3,
Communication,Students will enhance their communication abilities through project work and presentations.,SYSTEM-ON-CHIP PLATFORMS,3,
Organization,Students will develop the ability to organize their work and manage project components effectively.,SYSTEM-ON-CHIP PLATFORMS,3,
Analytical thinking,Students will enhance their ability to analyze design considerations and make informed decisions.,SYSTEM-ON-CHIP PLATFORMS,3,
Collaboration,Students will develop the ability to collaborate with team members during the project component of the course.,SYSTEM-ON-CHIP PLATFORMS,3,
Ability to analyze and evaluate the performance of computer systems,"Students will develop the ability to assess the performance of computer systems by analyzing data, identifying bottlenecks, and proposing optimizations.",MODELING & PERFORMANCE EV,3,
Ability to optimize the performance of computer systems,Students will acquire the ability to apply various techniques and strategies to improve the performance of computer systems.,MODELING & PERFORMANCE EV,3,
Communication,"Students will enhance their communication skills through assignments, projects, and presentations in the course.",MODELING & PERFORMANCE EV,3,
Analytical thinking,Students will develop the ability to analyze complex problems and devise algorithmic solutions.,ANALYSIS OF ALGORITHMS I,3,
Communication,Students will enhance their ability to effectively communicate algorithm designs and their rationale.,ANALYSIS OF ALGORITHMS I,3,
Logical reasoning,Students will strengthen their ability to reason logically and formally prove claims about algorithm correctness and performance.,ANALYSIS OF ALGORITHMS I,3,
Time management,Students will learn to manage their time effectively to complete algorithm design and implementation tasks.,ANALYSIS OF ALGORITHMS I,3,
Collaboration,Students will develop the ability to work collaboratively in project teams to solve algorithmic problems.,ANALYSIS OF ALGORITHMS I,3,
Data manipulation,"Students will develop the ability to manipulate and transform data, applying various techniques and algorithms to preprocess and clean datasets.",ALGORITHMS FOR DATA SCIEN,3,
Data visualization,"Students will acquire the ability to visualize data effectively, using appropriate tools and techniques to present insights and patterns in a visually appealing and understandable manner.",ALGORITHMS FOR DATA SCIEN,3,
Problem-solving,"Students will enhance their problem-solving abilities, applying algorithms and analytical thinking to solve complex data science problems and make informed decisions.",ALGORITHMS FOR DATA SCIEN,3,
Critical thinking,"Students will develop critical thinking skills, enabling them to evaluate and analyze data, identify patterns and trends, and draw meaningful conclusions.",ALGORITHMS FOR DATA SCIEN,3,
Collaboration,"Students will enhance their ability to work collaboratively in a team, effectively communicating and sharing ideas, and leveraging diverse perspectives to solve data science problems.",ALGORITHMS FOR DATA SCIEN,3,
Problem-solving,"Students will develop the ability to analyze complex problems, break them down into smaller components, and devise effective solutions.",INTRO TO COMP FOR ENG/APP,3,
Communication,"Students will enhance their communication skills, both verbally and in writing, as they present their ideas, explain their code, and collaborate with others.",INTRO TO COMP FOR ENG/APP,3,
Organizational skills,"Students will develop the ability to organize their code, data, and project resources in a structured and efficient manner.",INTRO TO COMP FOR ENG/APP,3,
Analytical thinking,"Students will cultivate their analytical thinking skills, enabling them to critically evaluate problems, data, and algorithms.",INTRO TO COMP FOR ENG/APP,3,
Teamwork,"Through collaborative projects and workshops, students will enhance their ability to work effectively in teams, leveraging diverse skills and perspectives to achieve common goals.",INTRO TO COMP FOR ENG/APP,3,
